,Delta V,Delta T,Cycle Count
0,0.008994452600973585,1.7143423192720446,0.0
1,0.026720625722300176,5.0926922640064625,1.0
2,0.013216287632573537,2.5187680856639467,2.0
3,0.049017887606576105,9.341380658898775,3.0
4,0.02573150896487052,4.903423440768689,4.0
5,0.02197886807017247,4.188099763282061,5.0
6,0.032919320698470554,6.272490319896685,6.0
7,0.040367332894474785,7.691242694391486,7.0
8,0.017782975774185594,3.388036698992162,8.0
9,0.028652409894184785,5.458608142940915,9.0
10,0.053758398100326815,10.241039955314463,10.0
11,0.00373885182427545,0.7122178546303184,11.0
12,0.023642377177626704,4.503420380108942,12.0
13,0.04201419986708586,8.002470298677824,13.0
14,0.025016697596310235,4.764687924765731,14.0
15,0.049394856585269695,9.40724813903464,15.0
16,0.01765248148941737,3.3617305826879007,16.0
17,0.044716116079367055,8.51524924210982,17.0
18,0.021652984755217895,4.123130567323927,18.0
19,0.022567333058509487,4.297001080947052,19.0
20,0.041302754481017695,7.863936986626443,20.0
21,0.0239937977787002,4.568100661179606,21.0
22,0.05280567249364138,10.052932984259748,22.0
23,0.018760155509586263,3.571281287576203,23.0
24,0.037751287113905185,7.186123510975363,24.0
25,0.026700020037467513,5.0821755903946935,25.0
26,0.025731249311800087,4.897494873898692,26.0
27,0.02644686995471715,5.033410018768143,27.0
28,0.0587655439577173,11.183701705992465,28.0
29,0.016992948318310438,3.2337482603094494,29.0
30,0.02384224462654646,4.536899297990455,30.0
31,0.029393093739812134,5.5928310357818765,31.0
32,0.04383005882684586,8.33936000537863,32.0
33,0.03391572087745754,6.452616589428366,33.0
34,0.02950249114952491,5.612644102803096,34.0
35,0.03147276040915262,5.987113997216759,35.0
36,0.03981396988918449,7.573417848790054,36.0
37,0.04268562095693814,8.119170265372436,37.0
38,0.02333436272917608,4.4381243499330365,38.0
39,0.03947863905456173,7.508255386748445,39.0
40,0.021867906595259022,4.1586970105511485,40.0
41,0.026828589128019834,5.1017711658899385,41.0
42,0.029931360021042883,5.691444760902945,42.0
43,0.03222171757304761,6.126572222398748,43.0
44,0.027857763228835587,5.296485309990613,44.0
45,0.03143600169181342,5.976423328366563,45.0
46,0.013587133055143655,2.582939639498296,46.0
47,0.030878791290489385,5.869741302254354,47.0
48,0.03939884612973936,7.488835150307409,48.0
49,0.009441426771736799,1.7944871558528321,49.0
50,0.04307636484489998,8.186788798910658,50.0
51,0.03745801318790151,7.118540332902357,51.0
52,0.030972945604887364,5.885728835061822,52.0
53,0.04639587916713336,8.815938092357772,53.0
54,0.037418269106777646,7.109581795918897,54.0
55,0.01797596063933191,3.415258347333214,55.0
56,0.02466727652753302,4.686230005953749,56.0
57,0.025754182939066415,4.892388896301897,57.0
58,0.02593264746413961,4.925957957017167,58.0
59,0.03455478957162473,6.563305160809544,59.0
60,0.02000231557768188,3.7989621766811323,60.0
61,0.03925143955221612,7.454362071685715,61.0
62,0.05509908771797293,10.463316214915753,62.0
63,0.04700008094365898,8.92469624915042,63.0
64,0.034583502817822395,6.566494121725162,64.0
65,0.03989825088353002,7.575094004715688,65.0
66,0.03101376656702388,5.887868717869949,66.0
67,0.051266670215992086,9.73213207385332,67.0
68,0.04127252209747462,7.834350813030016,68.0
69,0.03371846757444556,6.399982710296675,69.0
70,0.01659815078488763,3.1502098540764316,70.0
71,0.02941001758402453,5.581407269972817,71.0
72,0.04405417084961415,8.359955223669466,72.0
73,0.010554042008832969,2.0026454484314713,73.0
74,0.03969257452138145,7.531174092431284,74.0
75,0.03597359215724347,6.825040480547404,75.0
76,0.032249689863346705,6.118075210697227,76.0
77,0.03130138895680231,5.9377315484121045,77.0
78,0.041490544552904754,7.869979489221322,78.0
79,0.027783900425142494,5.2696895454426596,79.0
80,0.012293155538677065,2.331429984637608,80.0
81,0.018530116962043475,3.514019598959647,81.0
82,0.030510138112039037,5.785448636126533,82.0
83,0.031226653377439885,5.920862727422333,83.0
84,0.020763432380005355,3.9366355414947805,84.0
85,0.0336712627887718,6.383396286122037,85.0
86,0.04823548142775738,9.143767814042992,86.0
87,0.019774654522993155,3.7482925039475825,87.0
88,0.044912189118005034,8.512450862670555,88.0
89,0.05372254667670144,10.18152041052693,89.0
90,0.03176691750456465,6.020001437749732,90.0
91,0.04631265967195615,8.775796461876833,91.0
92,0.03775947695656511,7.154477333794063,92.0
93,0.042247658524171894,8.004229488500043,93.0
94,0.03169215676099474,6.003899994149708,94.0
95,0.04344656188726814,8.230034504282951,95.0
96,0.04357452710463359,8.253598351837756,96.0
97,0.032930343058295786,6.236933718620507,97.0
98,0.041798480658782076,7.915883839489033,98.0
99,0.03254028438557432,6.162034433372239,99.0
100,0.03585420443709614,6.789011477138753,100.0
101,0.028157846933217552,5.331254152282869,101.0
102,0.02344311709372225,4.438217732379948,102.0
103,0.008905380793032543,1.6858109075746324,103.0
104,0.03251936653511624,6.155472160062006,104.0
105,0.03692877191781986,6.989512725868765,105.0
106,0.021910757905262982,4.146693972110102,106.0
107,0.04322822625574584,8.180396616862646,107.0
108,0.04929534178831191,9.327709115381882,108.0
109,0.03432260253558035,6.493985246759453,109.0
110,0.0404246471149774,7.647845477044154,110.0
111,0.053014505471354965,10.028804545061295,111.0
112,0.03520819182617014,6.659775111003135,112.0
113,0.02986646408142462,5.648860424386288,113.0
114,0.01794475927522703,3.393717330893225,114.0
115,0.030383583150449197,5.7456321009122355,115.0
116,0.030217598703719952,5.713725471985106,116.0
117,0.01875425400690294,3.545843868486562,117.0
118,0.027349023022260017,5.170372392313163,118.0
119,0.029171533820247564,5.514412637474915,119.0
120,0.04624164404246031,8.740434993627849,120.0
121,0.048644443740246374,9.193748129822442,121.0
122,0.022147657560219795,4.185492163920452,122.0
123,0.029112443958155387,5.501188978695607,123.0
124,0.05141115526805323,9.713913206520546,124.0
125,0.03085110407959723,5.828627672891893,125.0
126,0.03950960936918792,7.463746412182495,126.0
127,0.028252291183670005,5.3366182618712195,127.0
128,0.03460756671279699,6.536445447376234,128.0
129,0.026238402187173212,4.9552532919706636,129.0
130,0.04137044879037661,7.812254607259353,130.0
131,0.01788828397137398,3.3776317904475412,131.0
132,0.018642576811360882,3.519709441577631,132.0
133,0.025428540018712448,4.8004210149512065,133.0
134,0.02785815142564947,5.258562111387283,134.0
135,0.03570035587676029,6.7381992431956945,135.0
136,0.041354808627552614,7.804654578457758,136.0
137,0.022564447634276688,4.258028096296513,137.0
138,0.03751975496403381,7.079453443859919,138.0
139,0.047517626321232076,8.964997436874421,139.0
140,0.026097456192901988,4.923218122588286,140.0
141,0.025964285688169164,4.897591066506487,141.0
142,0.03851602621478847,7.264448115906123,142.0
143,0.02960956252525286,5.584032341797746,143.0
144,0.015054705087622628,2.838851901189816,144.0
145,0.015210366673882042,2.8679031787836173,145.0
146,0.02002864303081697,3.7759863141133923,146.0
147,0.039615241917082634,7.467840717958043,147.0
148,0.050273132479815186,9.47593979646911,148.0
149,0.03922642436556346,7.3929614806236135,149.0
150,0.034004965470135755,6.408187275513953,150.0
151,0.04228938767012694,7.968510512884153,151.0
152,0.036182062021288916,6.816975319315036,152.0
153,0.04982554117793022,9.386481848362465,153.0
154,0.019464896405824397,3.6665286708152642,154.0
155,0.01802913465168201,3.3957037509243775,155.0
156,0.02731221628319924,5.143556704987224,156.0
157,0.02341561930321271,4.409239274764177,157.0
158,0.03020410608039039,5.686894688649838,158.0
159,0.04449553403869119,8.376769260382481,159.0
160,0.02770825619938603,5.215788862352926,160.0
161,0.024262319069151463,4.566606007083246,161.0
162,0.027417941410022954,5.159958984786925,162.0
163,0.044728746108459144,8.416820110873623,163.0
164,0.03237452135202348,6.091360981543977,164.0
165,0.036540942795701685,6.874484393055533,165.0
166,0.026951267248291073,5.069775331762669,166.0
167,0.02318866881057443,4.361483378919353,167.0
168,0.0472359960449212,8.883418037940068,168.0
169,0.018445616308342887,3.46855469536191,169.0
170,0.035284940608016346,6.634265640394972,170.0
171,0.04011988777772559,7.5424249731230315,171.0
172,0.027099927233240548,5.094094170707295,172.0
173,0.03195692733700798,6.006357051673975,173.0
174,0.03714099916054769,6.9798602688399844,174.0
175,0.03776429201698084,7.0961246547721535,175.0
176,0.03647236255390445,6.85251909964072,176.0
177,0.04052732616128958,7.613432551429078,177.0
178,0.022755627824755258,4.2743225645201175,178.0
179,0.03335455105673016,6.264396109038202,179.0
180,0.03842043137902852,7.214923146918626,180.0
181,0.04188215055026775,7.864000390943728,181.0
182,0.026792326370152813,5.030020738971724,182.0
183,0.020898395279363498,3.922986415234004,183.0
184,0.0262216003452032,4.921611036115891,184.0
185,0.031115111986546574,5.839335175814409,185.0
186,0.04573851348975658,8.582577536534933,186.0
187,0.014857998717911627,2.7876572198647036,187.0
188,0.025605813231066896,4.803532129426214,188.0
189,0.029646856611069066,5.5608804585749425,189.0
190,0.015083927461351666,2.8289275618947327,190.0
191,0.04285841591745925,8.036846920697299,191.0
192,0.020090619902615858,3.7669062384572105,192.0
193,0.021173719548475557,3.9694489628146172,193.0
194,0.049105590135055624,9.204607892305482,194.0
195,0.024663538159726373,4.622434088985523,195.0
196,0.03375202364571796,6.324931851952161,196.0
197,0.04973970663876615,9.319650670633361,197.0
198,0.027043164181647355,5.066336044546087,198.0
199,0.031864332134226625,5.9687181687772926,199.0
200,0.02069476638538002,3.8759327678925475,200.0
201,0.05051605723316079,9.459850999322754,201.0
202,0.02038839841455695,3.817480169372744,202.0
203,0.04189270459729132,7.842790079950078,203.0
204,0.01833451996426449,3.431941936832048,204.0
205,0.0371285532143773,6.948903684343952,205.0
206,0.025929955395024108,4.852299430193836,206.0
207,0.0430648041892651,8.057596871239824,207.0
208,0.029617015197733222,5.540656909372263,208.0
209,0.029980839566923236,5.607901112726181,209.0
210,0.033351314215110464,6.237431188231218,210.0
211,0.032299196059923554,6.039770801188059,211.0
212,0.04811767098532508,8.996403858348266,212.0
213,0.030044260092504507,5.616440015009901,213.0
214,0.03382460900169434,6.322186887185263,214.0
215,0.0405092377367677,7.570476445634957,215.0
216,0.05132006520977124,9.58938157117405,216.0
217,0.030717933682568907,5.738908736234887,217.0
218,0.019361764831848458,3.616727920975974,218.0
219,0.020253908469409592,3.7827964776197125,219.0
220,0.03412625951979019,6.372732837239474,220.0
221,0.025992130945075628,4.853012972762887,221.0
222,0.03563840162076672,6.653037603406756,222.0
223,0.03872023945706123,7.227226051366573,223.0
224,0.04159975941075943,7.763470634310023,224.0
225,0.026019978482634952,4.8551557453856935,225.0
226,0.038285054942662766,7.142599326560504,226.0
227,0.030962138594483053,5.775484026210154,227.0
228,0.024333742824789478,4.5383335682269195,228.0
229,0.02740902948027955,5.111058579630873,229.0
230,0.03495425446846669,6.516982898526374,230.0
231,0.028989053308230456,5.40392785075459,231.0
232,0.05078572413887728,9.465547998223888,232.0
233,0.040345339047893745,7.518404993978653,233.0
234,0.041356853767532065,7.705622006517592,234.0
235,0.04218345447443783,7.858322346079465,235.0
236,0.040175865429264844,7.4830741917273365,236.0
237,0.0433023263104455,8.064041869850893,237.0
238,0.018648005362642172,3.4721644531284848,238.0
239,0.03675143734374635,6.841765802673681,239.0
240,0.020897649869924678,3.8897072249502616,240.0
241,0.01086679503641285,2.022302622216991,241.0
242,0.03102185684305298,5.772145566807402,242.0
243,0.026856255244925333,4.9961948546094685,243.0
244,0.041949274467650274,7.802654917638576,244.0
245,0.03757889528206902,6.988526159861347,245.0
246,0.028254528892262452,5.253550369849674,246.0
247,0.020101565782463894,3.7369523744476787,247.0
248,0.02920691931258231,5.428700360911547,248.0
249,0.0031506636489507995,0.5855098489789112,249.0
250,0.024207909546539074,4.497913381580579,250.0
251,0.009585485894944465,1.7806934554250686,251.0
252,0.024177360896344098,4.4906038499737075,252.0
253,0.021771307431541334,4.04297234974358,253.0
254,0.04498204646639044,8.351711167829958,254.0
255,0.039206095274862025,7.27795603270964,255.0
256,0.05007133799013996,9.293176707429993,256.0
257,0.03575142618333785,6.634177871578628,257.0
258,0.040229405635496054,7.463725787139467,258.0
259,0.03265661175047629,6.057606749309806,259.0
260,0.03451305680179945,6.400749724705846,260.0
261,0.030678850814977718,5.688575740527675,261.0
262,0.028815276447895093,5.341999626371555,262.0
263,0.029807745697630394,5.524924741731354,263.0
264,0.03146598874750638,5.831151863005198,264.0
265,0.02909980955864467,5.391609276237524,265.0
266,0.026076951559443933,4.83058735389917,266.0
267,0.03339796174830664,6.185538209009297,267.0
268,0.009324293622802227,1.7265829071383045,268.0
269,0.03871571163716866,7.1675752197227105,269.0
270,0.025295972003244845,4.682194501597151,270.0
271,0.043762949519409795,8.098736630280214,271.0
272,0.029836581017400582,5.520417244030021,272.0
273,0.028742737194603483,5.316951155611882,273.0
274,0.028164621052338024,5.208944100607092,274.0
275,0.02825669623641019,5.224899510578161,275.0
276,0.03999053196948505,7.393056914086777,276.0
277,0.03307204710816065,6.112766221870547,277.0
278,0.006828319691773261,1.2618273161660865,278.0
279,0.022097776881442793,4.08266325183409,279.0
280,0.028393198806145242,5.244664594001504,280.0
281,0.03314970895157119,6.121968040537784,281.0
282,0.021728117406661557,4.011815007702384,282.0
283,0.028965516863756886,5.346961526951332,283.0
284,0.013636444465490167,2.5167113971834207,284.0
285,0.053466820955719876,9.865580216651214,285.0
286,0.05684501142148233,10.486634660812495,286.0
287,0.034798263412486284,6.418098340380753,287.0
288,0.03379526626551714,6.2317380186957,288.0
289,0.03302719071233664,6.088761576108147,289.0
290,0.026569917942444336,4.897236343837608,290.0
291,0.028488205356949528,5.2496331251183905,291.0
292,0.019244326427377306,3.5454313497127714,292.0
293,0.029171232412912463,5.373077882778855,293.0
294,0.04264872006039426,7.853727698129751,294.0
295,0.029903129093818474,5.50538171352452,295.0
296,0.056108490994202065,10.32761007773323,296.0
297,0.05120797582862887,9.423424918528562,297.0
298,0.028791420794486995,5.297044959001456,298.0
299,0.02586675634763887,4.757857201554648,299.0
300,0.020461477659269783,3.7627447906264684,300.0
301,0.03193910221211364,5.872030170252172,301.0
302,0.06331147709176402,11.637113985688321,302.0
303,0.030727856348254062,5.646662553524417,303.0
304,0.025046599701359303,4.601554099847516,304.0
305,0.028699879350547377,5.2714667255460235,305.0
306,0.031113567004224213,5.713421893221823,306.0
307,0.034008087243162365,6.243429879114594,307.0
308,0.035317255771378495,6.482193182992945,308.0
309,0.020056125322309885,3.68023442352937,309.0
310,0.026506487047419914,4.862655371046657,310.0
311,0.04155991012957282,7.622338340053271,311.0
312,0.035619353139981526,6.531176031847788,312.0
313,0.041909783683970823,7.682665928666722,313.0
314,0.055503637552191495,10.172052000597251,314.0
315,0.05298341789133967,9.707717178027629,315.0
316,0.015841334226595182,2.901738965643641,316.0
317,0.03756109331625673,6.878498822343685,317.0
318,0.050908489515178214,9.320386569317556,318.0
319,0.05812806419082874,10.639402934948919,319.0
320,0.027642754336761454,5.058244305847339,320.0
321,0.028605302246410058,5.233009498119151,321.0
322,0.029057123117106193,5.314268483138626,322.0
323,0.0360015164510407,6.58259243816844,323.0
324,0.029125680195723033,5.32398639630977,324.0
325,0.01649308410102514,3.0140247456008558,325.0
326,0.04663248068994763,8.519555304835794,326.0
327,0.03501924612379569,6.396141334422168,327.0
328,0.03715681072306104,6.784719883783554,328.0
329,0.03269702334608248,5.968749043295363,329.0
330,0.03869637917867908,7.061978907440077,330.0
331,0.02042927631930355,3.727257724399553,331.0
332,0.01593327808381272,2.9061718960036464,332.0
333,0.007011298769443985,1.278479362466305,333.0
334,0.0475782659529976,8.6732587505536,334.0
335,0.009291619847028785,1.6933351678211181,335.0
336,0.051008628648245784,9.293350083478401,336.0
337,0.03870082784154713,7.04896588106757,337.0
338,0.03498181801452676,6.369764541723708,338.0
339,0.0420623146455738,7.656836295189539,339.0
340,0.020803526793695827,3.7858873753916797,340.0
341,0.03910922176892809,7.115145110392509,341.0
342,0.04488538194311521,8.163618622247498,342.0
343,0.01370341924901106,2.4916053201943744,343.0
344,0.0334401858568649,6.078421780413992,344.0
345,0.029409493887716482,5.34417739089321,345.0
346,0.04588559347389418,8.335662998237002,346.0
347,0.03809386814733661,6.918129092409046,347.0
348,0.01795083199582206,3.259021834136149,348.0
349,0.052117007367101356,9.45911623369403,349.0
350,0.017083989125180846,3.099760095188552,350.0
351,0.029449365294936584,5.341727590489508,351.0
352,0.027316581251467558,4.9533433845393,352.0
353,0.025525636871423975,4.627157249765897,353.0
354,0.03346988153208781,6.065361819162166,354.0
355,0.04502704740605081,8.15718202378866,355.0
356,0.04311895611710113,7.809052533307835,356.0
357,0.04287005037891878,7.761520239332574,357.0
358,0.01724061752905102,3.1203806793409727,358.0
359,0.02627700900667336,4.754358417415628,359.0
360,0.03896333982949222,7.047460511713367,360.0
361,0.0188766654579335,3.413198100567793,361.0
362,0.03566332118803816,6.446396195911859,362.0
363,0.05322320522846376,9.617329016407629,363.0
364,0.014205937600227658,2.5661428804573827,364.0
365,0.03215672957909816,5.806835532160883,365.0
366,0.06370048580532822,11.499166221599246,366.0
367,0.02305550648935215,4.160576001493917,367.0
368,0.03097649258851014,5.588116410102498,368.0
369,0.020139692451257997,3.631948389834276,369.0
370,0.04391700579987603,7.917214388275113,370.0
371,0.03789301785808008,6.8289028941265775,371.0
372,0.0277580892790318,5.000720467028216,372.0
373,0.02580185813078711,4.646698181803951,373.0
374,0.04628093735924966,8.331923957508248,374.0
375,0.03358581819091041,6.044326941492853,375.0
376,0.025365723655703547,4.563387250484685,376.0
377,0.0221501204086826,3.983486935760426,377.0
378,0.02950256794548099,5.303878209317498,378.0
379,0.024864271035362442,4.4684309205521044,379.0
380,0.03849822708491103,6.916156486497598,380.0
381,0.03879425121044904,6.966832754967264,381.0
382,0.04436834100617778,7.964972719855148,382.0
383,0.06047895173293596,10.853194976560673,383.0
384,0.014961680150245705,2.6839542912997842,384.0
385,0.02609749603819258,4.679873728968001,385.0
386,0.047880208976655236,8.582840059877217,386.0
387,0.021733448832138277,3.8944170287886966,387.0
388,0.016882202600811518,3.0239936193007066,388.0
389,0.05453018184256166,9.763955499030553,389.0
390,0.05014417287436255,8.9752286658588,390.0
391,0.029975987409552565,5.3633219679287425,391.0
392,0.041491661130660905,7.420883721007493,392.0
393,0.017677201628629992,3.1603985896343576,393.0
394,0.019351183813372495,3.4583466479210023,394.0
395,0.04343451976053288,7.7593929396041545,395.0
396,0.03799271812391163,6.784594789345116,396.0
397,0.04095009666843049,7.309848793989936,397.0
398,0.04535187708919813,8.092407106832738,398.0
399,0.035024176267453376,6.2470999476185565,399.0
400,0.037360113063966346,6.66109832535729,400.0
401,0.018306109949261865,3.262570697429989,401.0
402,0.043003094750518424,7.661059527493243,402.0
403,0.026971702600352306,4.803101921933342,403.0
404,0.029126968972007436,5.1848010371989535,404.0
405,0.05479163760159893,9.749301181681393,405.0
406,0.030203134898866345,5.3719587548100565,406.0
407,0.03547209658096072,6.306493859259828,407.0
408,0.038256161271945546,6.798639381493101,408.0
409,0.017915788069886335,3.1825486349153644,409.0
410,0.039522845070160205,7.017862634525791,410.0
411,0.028590399746572882,5.074502018359413,411.0
412,0.04504630888383136,7.991861581865409,412.0
413,0.03464956866515724,6.144706063241087,413.0
414,0.015484651996146341,2.74484773323936,414.0
415,0.015606994856762061,2.765340459865002,415.0
416,0.040142321017333164,7.109569293145544,416.0
417,0.016133198563527275,2.856089118016594,417.0
418,0.034610266758291305,6.124429679257834,418.0
419,0.025503368223301712,4.510935714324139,419.0
420,0.02965539714809794,5.243003966273602,420.0
421,0.03809630856835783,6.7323336433607555,421.0
422,0.04797636212326319,8.474523418545896,422.0
423,0.026702539195944352,4.714598378118372,423.0
424,0.02689604097158129,4.7466105398498755,424.0
425,0.031799846573760615,5.60947594008003,425.0
426,0.03223822099305278,5.684198989716384,426.0
427,0.025235624660129238,4.447460654533462,427.0
428,0.04985399718311238,8.782067973452993,428.0
429,0.06408399073717062,11.283504585063412,429.0
430,0.006517235428888146,1.1469762164019048,430.0
431,0.036854645707050014,6.48303952582557,431.0
432,0.0530343593544798,9.324768515606724,432.0
433,0.008087635087196223,1.4213317397244172,433.0
434,0.024746646933168644,4.346926600961965,434.0
435,0.031052092623934414,5.451897890860911,435.0
436,0.0270306355698699,4.743543019313303,436.0
437,0.04405347997500287,7.727079783417885,437.0
438,0.028201151492733285,4.944125007647143,438.0
439,0.034192052516055525,5.99147882463338,439.0
440,0.03704487359491689,6.488167484268374,440.0
441,0.025568637842500574,4.475951997185175,441.0
442,0.022130161103516066,3.8720869924402352,442.0
443,0.046914950052084695,8.204522147252542,443.0
444,0.02619060009527226,4.577915580836264,444.0
445,0.043846792638132986,7.660184759298959,445.0
446,0.03537946108015846,6.177752291664723,446.0
447,0.03740106531316021,6.527394857412491,447.0
448,0.01998011101241731,3.4852120663447774,448.0
449,0.023036284401184826,4.016223753806326,449.0
450,0.04266899288100704,7.435167683032677,450.0
451,0.023847539528507804,4.153302857030499,451.0
452,0.03340702267830249,5.815113263269425,452.0
453,0.04260897882159385,7.412942670185421,453.0
454,0.03088604971391115,5.3705616942091225,454.0
455,0.047405165580758225,8.23852665123882,455.0
456,0.022392357650037276,3.889456760706119,456.0
457,0.045778530222232744,7.947214017698227,457.0
458,0.04569100819183798,7.9276858144600455,458.0
459,0.04325291291333989,7.500536944929904,459.0
460,0.031130161857869026,5.395334167976424,460.0
461,0.02639835947330374,4.572698291293756,461.0
462,0.04060411645526749,7.0294762459520825,462.0
463,0.016953077407763518,2.933306123174582,463.0
464,0.017314666400251665,2.9941775616885287,464.0
465,0.03759513724143653,6.4975301997993,465.0
466,0.05645481321099578,9.751455376970396,466.0
467,0.025370239913121224,4.379691101722966,467.0
468,0.046025499475549785,7.940840363737762,468.0
469,0.05078640435308988,8.757155582560332,469.0
470,0.03657055071451089,6.302216688671922,470.0
471,0.024132649012956506,4.156345462130243,471.0
472,0.025718462555662406,4.4268522139338975,472.0
473,0.0336025085819866,5.780476792928951,473.0
474,0.04975397182379328,8.553822018930545,474.0
475,0.04649850949505888,7.989332956774008,475.0
476,0.02795089689699795,4.799597366031676,476.0
477,0.026399097426867985,4.530375820464771,477.0
478,0.021647533287216848,3.7126856321489066,478.0
479,0.04704057168616209,8.062792215710175,479.0
480,0.04788131333829869,8.201825844327493,480.0
481,0.037865623129017666,6.482159262786351,481.0
482,0.032529845131378736,5.5652562069766764,482.0
483,0.05800088715507815,9.916646902500736,483.0
484,0.04018513326051599,6.866274023414881,484.0
485,0.03718656956594165,6.349883975301371,485.0
486,0.032229032405881985,5.4998308669584,486.0
487,0.050526895444506205,8.616789920341658,487.0
488,0.04189908365840247,7.140796531304817,488.0
489,0.05415768926732536,9.224013131860193,489.0
490,0.04953959208892346,8.431954711011947,490.0
491,0.017645301713872224,3.0013688420787146,491.0
492,0.038115847506522325,6.479010491289919,492.0
493,0.028025574739005514,4.76067813921868,493.0
494,0.021537753197775008,3.6561519612642903,494.0
495,0.04193080752683854,7.113199115811591,495.0
496,0.02462517014306471,4.174622547963826,496.0
497,0.03738143908073002,6.332840551008755,497.0
498,0.025134761728142746,4.255202067680218,498.0
499,0.04331475103365529,7.327948741322515,499.0
500,0.015743094320531528,2.6615594862297978,500.0
501,0.05432323687479159,9.177607554884519,501.0
502,0.0358446803318098,6.0515216469631525,502.0
503,0.018785411037122304,3.169238184734821,503.0
504,0.04230920718031037,7.132825739484628,504.0
505,0.01760792271648419,2.9663721731839647,505.0
506,0.042157693318328804,7.097139991282878,506.0
507,0.033401464749078104,5.619003169020775,507.0
508,0.04663619059194955,7.839751042829281,508.0
509,0.03713132844374338,6.237396067170902,509.0
510,0.04085509675870823,6.857895955725306,510.0
511,0.03799018414820547,6.372297319234486,511.0
512,0.06049762969790216,10.140074210308196,512.0
513,0.0406615332337002,6.810246203612693,513.0
514,0.04288021339364904,7.176462539543976,514.0
515,0.05284717328449342,8.837873699158237,515.0
516,0.035373539174574496,5.9111937701038775,516.0
517,0.034394981315745005,5.743286892134896,517.0
518,0.045348458844576736,7.56649590315743,518.0
519,0.03044716670428235,5.076262387356404,519.0
520,0.040938662796085545,6.820147982233334,520.0
521,0.04780332518077075,7.957547997237549,521.0
522,0.035664082374849075,5.9321382364200055,522.0
523,0.02091561631873549,3.476225530638436,523.0
524,0.04349887201010804,7.2238771465733205,524.0
525,0.032103985964046594,5.327266042110897,525.0
526,0.033832466138016826,5.6095773276245104,526.0
527,0.03570858897867261,5.915864187722147,527.0
528,0.02124568834280541,3.516926477982421,528.0
529,0.041349407226706256,6.839221813907702,529.0
530,0.035608616153951785,5.884849262884355,530.0
531,0.03985749889689755,6.58159340295894,531.0
532,0.04446830018734427,7.3368593554926544,532.0
533,0.05598011523385291,9.22847622777203,533.0
534,0.01994490501862567,3.285205930637478,534.0
535,0.02743519908981884,4.515137858837576,535.0
536,0.04239385356197191,6.971013281499736,536.0
537,0.041922759574270094,6.887646058182327,537.0
538,0.03900795994630591,6.403242580905592,538.0
539,0.04724400961288082,7.748489038125477,539.0
540,0.03131035465993668,5.130735206239331,540.0
541,0.03605261251392192,5.902655885075822,541.0
542,0.04854566324030585,7.941051765751999,542.0
543,0.029620625840476575,4.841014917748866,543.0
544,0.04518493547742091,7.378161935074261,544.0
545,0.04009396257409262,6.540990683602956,545.0
546,0.03852840789167248,6.279908827788368,546.0
547,0.046741527353386644,7.611680969109576,547.0
548,0.03917570288177924,6.373786875081771,548.0
549,0.026834512839986956,4.361894556656451,549.0
550,0.03791471523795699,6.157261256485709,550.0
551,0.03398117425678002,5.513331582635723,551.0
552,0.026428088827443078,4.283857650713637,552.0
553,0.041403638734204676,6.70500190838669,553.0
554,0.027417245805294,4.435809689350998,554.0
555,0.03332823035653715,5.387007294319121,555.0
556,0.04212144536754606,6.801776113205986,556.0
557,0.03403087187271425,5.490013502378977,557.0
558,0.04309840791159123,6.946088738452488,558.0
559,0.027466806027755218,4.42245579172623,559.0
560,0.05166916334345779,8.311137505949711,560.0
561,0.03622115850366673,5.820529771671124,561.0
562,0.037386698958797905,6.001860020022974,562.0
563,0.04079087687210679,6.541807355233878,563.0
564,0.034695240465674876,5.558632552006965,564.0
565,0.027470451615757594,4.396677262806263,565.0
566,0.05366299799686232,8.580089017688957,566.0
567,0.023243179776343145,3.712511504253035,567.0
568,0.01752696708321231,2.796609027312838,568.0
569,0.03574357716894766,5.697351429719774,569.0
570,0.03215216185794946,5.119557903191158,570.0
571,0.026383843632613133,4.19667061460465,571.0
572,0.02876615771586793,4.570781402892459,572.0
573,0.03261058521546431,5.176141945042983,573.0
574,0.02891438534860465,4.584560788951073,574.0
575,0.01908784703829838,3.023250118847001,575.0
576,0.051688127752266874,8.177837014890493,576.0
577,0.02504581795504392,3.9583165353120067,577.0
578,0.03059825732894434,4.830551976280836,578.0
579,0.029434434256255082,4.64170588740858,579.0
580,0.035347650600370296,5.568028004060677,580.0
581,0.053155233673057266,8.363785219401892,581.0
582,0.04037631176193105,6.3459478306507355,582.0
583,0.03903712743960814,6.128549883328303,583.0
584,0.04250988526231315,6.6661765665423465,584.0
585,0.057530761277257585,9.011373115236585,585.0
586,0.04010034160143152,6.2739324268226575,586.0
587,0.04605267650995886,7.196883517491137,587.0
588,0.035421913804211114,5.529124259063248,588.0
589,0.03036524203127002,4.7342662678830125,589.0
590,0.06026464115802164,9.384841973077076,590.0
591,0.032408401881764505,5.040890795789057,591.0
592,0.04947978321134712,7.687047247753614,592.0
593,0.029650768298593415,4.60094014196919,593.0
594,0.04897813145860908,7.5908161232314795,594.0
595,0.03454265898428144,5.3470517049266855,595.0
596,0.0400309753919725,6.18904811453337,596.0
597,0.029539145476308967,4.561328667587925,597.0
598,0.052929058699075444,8.16300421256361,598.0
599,0.020121630564462884,3.0994031240502466,599.0
600,0.021848745276215355,3.361220865691647,600.0
601,0.039210809778294595,6.024605278409336,601.0
602,0.02812755797006457,4.316220364887465,602.0
603,0.0714027944075281,10.942892062779038,603.0
604,0.03660612371575041,5.602894963554427,604.0
605,0.02293609503114061,3.5060372537318,605.0
606,0.05313867922946567,8.112273118128972,606.0
607,0.017861619382727414,2.723226873379779,607.0
608,0.027930119916411325,4.252686578094435,608.0
609,0.031603573064285385,4.805634255616944,609.0
610,0.039519053817639094,6.001245045207872,610.0
611,0.04566169431982578,6.924739689384547,611.0
612,0.03743326623956798,5.6692034884212985,612.0
613,0.051572978618962206,7.800019465501303,613.0
614,0.023980250424539926,3.6218675299387026,614.0
615,0.03306058036511247,4.986443417133515,615.0
616,0.038152712265533836,5.746502264496958,616.0
617,0.023914788484141337,3.5969846981285096,617.0
618,0.03551099898472875,5.333655064193671,618.0
619,0.046586756199196354,6.987319066701533,619.0
620,0.034903659552447015,5.2275859451918025,620.0
621,0.0800810794978295,11.976730215272994,621.0
622,0.026922435609033547,4.020655004034695,622.0
623,0.027076038478442796,4.037733514991084,623.0
624,0.05630584147842655,8.384399651413482,624.0
625,0.04343154042031344,6.457815410107323,625.0
626,0.03842558870243353,5.7050394915546905,626.0
627,0.05320532243473501,7.8876341402248205,627.0
628,0.06232976598262845,9.226490038795436,628.0
629,0.03732223995675868,5.5163754723144,629.0
630,0.015265165364967082,2.2528301473493553,630.0
631,0.016154356819039022,2.3804173743983,631.0
632,0.06566743157113447,9.661523749753224,632.0
633,0.03829099631113156,5.624967710681972,633.0
634,0.03568191576961807,5.233531987443278,634.0
635,0.03402457605925918,4.982626556486508,635.0
636,0.04340281972848901,6.345969278070568,636.0
637,0.040622679896013626,5.93005152195741,637.0
638,0.029315910108357948,4.2726624824369654,638.0
639,0.04698693849080452,6.837117773963499,639.0
640,0.04362229503348195,6.337244857902985,640.0
641,0.04415399931197628,6.404030746268207,641.0
642,0.03717223709692375,5.382558100740483,642.0
643,0.04165699391204996,6.021987679927082,643.0
644,0.037381272879941294,5.394896680030697,644.0
645,0.04722000525836725,6.80342105492929,645.0
646,0.04191442408200051,6.028818588398096,646.0
647,0.03126861743582307,4.489933060460431,647.0
648,0.025056984436555543,3.591844313087725,648.0
649,0.027484523995852123,3.933049673417636,649.0
650,0.04451734868353152,6.35942673530621,650.0
651,0.016849032855856733,2.4027358683754234,651.0
652,0.06969446371363393,9.921254284373628,652.0
653,0.05750229570673288,8.17119461453732,653.0
654,0.056230105596947896,7.976201561535329,654.0
655,0.04605833751554186,6.521643653123014,655.0
656,0.04888722287992623,6.9097200159495165,656.0
657,0.028603046142101386,4.035415793671062,657.0
658,0.05501456320712562,7.747457264339342,658.0
659,0.027717539923881186,3.8961553938668714,659.0
660,0.022748971895340097,3.1918166320448726,660.0
661,0.06275266006563737,8.788147257751659,661.0
662,0.03625452988900634,5.067699981711914,662.0
663,0.05722167425518218,7.983383059328048,663.0
664,0.04850884453466045,6.754907935757116,664.0
665,0.04315756492885902,5.9982117153852155,665.0
666,0.04702454780032499,6.523040063484068,666.0
667,0.043217989304610065,5.9833538829684,667.0
668,0.024363029392967337,3.3663575177938734,668.0
669,0.04797335933801256,6.6156412273859795,669.0
670,0.048468755405293405,6.6706866921676475,670.0
671,0.02356788391701032,3.237129464759621,671.0
672,0.03231468229060769,4.4295953924530265,672.0
673,0.055629220432005584,7.610017643789218,673.0
674,0.05929011363245371,8.094262211329138,674.0
675,0.011858736794009596,1.615620784294479,675.0
676,0.02549082483841939,3.4656489283856207,676.0
677,0.07200983528215127,9.769802266056221,677.0
678,0.0709379411322857,9.604159381402331,678.0
679,0.04329311328338036,5.848976862201147,679.0
680,0.028893447706509076,3.8952396537494653,680.0
681,0.04560217354920718,6.134616962591929,681.0
682,0.05224976676139462,7.013691461970982,682.0
683,0.031134247484123776,4.17017523150882,683.0
684,0.034795911925657515,4.650406944224629,684.0
685,0.04411890075984532,5.883385865216349,685.0
686,0.0280666818014817,3.7344502549730305,686.0
687,0.03720992949920692,4.939925412079876,687.0
688,0.04630213157751977,6.1331187997138255,688.0
689,0.052420351769604114,6.927746935333058,689.0
690,0.049819212292344234,6.5689114395511226,690.0
691,0.03548685109267912,4.668326108400853,691.0
692,0.05517025860696553,7.240833287397932,692.0
693,0.029692371865462464,3.8878615388307054,693.0
694,0.07810737205727265,10.203115096914223,694.0
695,0.041875790241847656,5.457214872137328,695.0
696,0.05810094622915299,7.553545777446082,696.0
697,0.04924097617201736,6.3862542405177365,697.0
698,0.04539863750791968,5.873628179322159,698.0
699,0.06459973040823977,8.337397983637278,699.0
700,0.06292959231894499,8.101827219159217,700.0
701,0.06653208330828879,8.544356676515083,701.0
702,0.02931506346694147,3.755356305235241,702.0
703,0.06499957763113222,8.305670576821257,703.0
704,0.04352152935192079,5.547073032022398,704.0
705,0.016660017902557136,2.117982633329361,705.0
706,0.06503248536238562,8.246240940231802,706.0
707,0.042616436416989534,5.389804241208419,707.0
708,0.061528642667127306,7.761305088508657,708.0
709,0.0475835866438077,5.986423459791971,709.0
710,0.029468628855940728,3.6975513748829587,710.0
711,0.04932966419701942,6.173018409687726,711.0
712,0.04979624150668166,6.214584641183278,712.0
713,0.050905392095679576,6.335725749607526,713.0
714,0.06454428797302299,8.011212514329713,714.0
715,0.07280123516891057,9.011098964948118,715.0
716,0.0700399258127603,8.645176858072634,716.0
717,0.03108857877487042,3.826562285256783,717.0
718,0.07375321104786184,9.052300945317945,718.0
719,0.06446205073689279,7.889375308929717,719.0
720,0.02694008319024054,3.287669039149147,720.0
721,0.017611334499087403,2.143000102103075,721.0
722,0.056112974638373087,6.808069538300384,722.0
723,0.05887551546525741,7.1222312144623805,723.0
724,0.04722099242341917,5.695434870790973,724.0
725,0.06680532087348137,8.033465524820992,725.0
726,0.03334797821058625,3.998075965199315,726.0
727,0.051201072368363534,6.119834515261538,727.0
728,0.06433385684997749,7.665996519165618,728.0
729,0.04074497775427222,4.840171178003828,729.0
730,0.055136226430357996,6.529356176335762,730.0
731,0.0788615332668723,9.309667626770288,731.0
732,0.05884082995185917,6.924241667911977,732.0
733,0.05398072759729889,6.3320645089347405,733.0
734,0.06376522812431931,7.455765772720096,734.0
735,0.013419596685521642,1.5640044493012937,735.0
736,0.031544014387906265,3.664324886660409,736.0
737,0.047485439403677616,5.497992358333791,737.0
738,0.03967061360425917,4.57791034300988,738.0
739,0.05731200331618414,6.591534680008759,739.0
740,0.03466575845777731,3.973488827707803,740.0
741,0.05325704768904278,6.083679410547021,741.0
742,0.022848729531618994,2.601097850430619,742.0
743,0.06491248299559674,7.364030254351851,743.0
744,0.04611622627987292,5.213399046241153,744.0
745,0.03353875138057706,3.7781653585359543,745.0
746,0.05791186674231757,6.5006284393197,746.0
747,0.04422508418648853,4.946486605942409,747.0
748,0.03755090957877636,4.184808019849153,748.0
749,0.030163602809869544,3.349280751240808,749.0
750,0.0890518435227133,9.851689160097472,750.0
751,0.03917252741348126,4.317524763030205,751.0
752,0.04045268683923169,4.441932056528037,752.0
753,0.0663355850643721,7.256514317183785,753.0
754,0.051086359352847756,5.567098144793595,754.0
755,0.06319113786903718,6.859742656191534,755.0
756,0.02474446856966785,2.6757319692152315,756.0
757,0.06057228306388024,6.524333642009935,757.0
758,0.044288590742136306,4.751563533793102,758.0
759,0.056834795034109716,6.073317112144044,759.0
760,0.06500643983621168,6.918617801303241,760.0
761,0.06350258652199745,6.731157964409847,761.0
762,0.05977608982312084,6.31022989493038,762.0
763,0.04521629144295731,4.753523195579497,763.0
764,0.05437842350955763,5.692902678956896,764.0
765,0.0424290191775481,4.423233391321693,765.0
766,0.0594639927064937,6.172820765298227,766.0
767,0.07903300908250872,8.16908933366996,767.0
768,0.07435048042896204,7.651859537086114,768.0
769,0.06006634831059231,6.1548126409586255,769.0
770,0.07786943930717105,7.943888161124134,770.0
771,0.03366134760984386,3.4187068266829312,771.0
772,0.07173038429786001,7.252360274848072,772.0
773,0.0626986097347411,6.310463825987422,773.0
774,0.10519908004189013,10.539584997557805,774.0
775,0.04594774694852804,4.582102046850357,775.0
776,0.05968260161938875,5.9240367483408995,776.0
777,0.05002251433376265,4.941800259602244,777.0
778,0.08039365904199532,7.90443918793857,778.0
779,0.10035532847259133,9.819716053211911,779.0
780,0.03749663637618925,3.651231420728869,780.0
781,0.08727475887340862,8.456745969232971,781.0
782,0.09537146435433648,9.195585076418876,782.0
783,0.04848904882635795,4.651888095268001,783.0
784,0.07427130341474313,7.08939835773557,784.0
785,0.058433055879749105,5.549161996375903,785.0
786,0.10955009011423208,10.349977352984137,786.0
787,0.0504736639928196,4.743800173011704,787.0
788,0.03855206315902852,3.6042985216835355,788.0
789,0.07003041542389644,6.5124997784830265,789.0
790,0.08220239103428899,7.603425603863545,790.0
791,0.06604408064733132,6.075725460626823,791.0
792,0.06124371089071332,5.603253879533363,792.0
793,0.05627681099544204,5.120325987343831,793.0
794,0.0930169664833992,8.41577259619521,794.0
795,0.04684255973525939,4.214150746899449,795.0
796,0.09226674394058826,8.253264825503868,796.0
797,0.10116720939944383,8.99714180420711,797.0
798,0.06605053564239668,5.839799924899727,798.0
799,0.09193433534150977,8.080316147824764,799.0
